-- Insertion d'utilisateurs
-- Mots de passe des utilisateurs : testPassword.123
INSERT INTO ETUser (username, password, birth, email, gender, budget, auth_attempt, last_auth_attempt) VALUES
('Alice Johnson', '$argon2id$v=19$m=65536,t=10,p=1$AMfKVlpNtcxgvqDT0escag$+ZtXsM8XGJ2D5ESL8FojFjupgSqLGEP+u2wwD183Aj8', '1990-04-10', 'alice.johnson@example.com', 'f', 5000.00, 0, NULL),
('Bob Smith', '$argon2id$v=19$m=65536,t=10,p=1$AMfKVlpNtcxgvqDT0escag$+ZtXsM8XGJ2D5ESL8FojFjupgSqLGEP+u2wwD183Aj8', '1985-11-18', 'bob.smith@example.com', 'm', 4000.00, 1, NULL),
('Charlie Brown', '$argon2id$v=19$m=65536,t=10,p=1$AMfKVlpNtcxgvqDT0escag$+ZtXsM8XGJ2D5ESL8FojFjupgSqLGEP+u2wwD183Aj8', '1993-06-26', 'charlie.brown@example.com', 'm', 6000.00, 0, NULL),
('David Taylor', '$argon2id$v=19$m=65536,t=10,p=1$AMfKVlpNtcxgvqDT0escag$+ZtXsM8XGJ2D5ESL8FojFjupgSqLGEP+u2wwD183Aj8', '1997-03-12', 'david.taylor@example.com', 'm', 4500.00, 0, NULL),
('Eva Davis', '$argon2id$v=19$m=65536,t=10,p=1$AMfKVlpNtcxgvqDT0escag$+ZtXsM8XGJ2D5ESL8FojFjupgSqLGEP+u2wwD183Aj8', '1988-10-05', 'eva.davis@example.com', 'f', 5500.00, 2, NULL),
('Fiona Wilson', '$argon2id$v=19$m=65536,t=10,p=1$AMfKVlpNtcxgvqDT0escag$+ZtXsM8XGJ2D5ESL8FojFjupgSqLGEP+u2wwD183Aj8', '1991-01-23', 'fiona.wilson@example.com', 'f', 7000.00, 0, NULL),
('George Miller', '$argon2id$v=19$m=65536,t=10,p=1$AMfKVlpNtcxgvqDT0escag$+ZtXsM8XGJ2D5ESL8FojFjupgSqLGEP+u2wwD183Aj8', '1989-12-14', 'george.miller@example.com', 'm', 4200.00, 0, NULL);

-- Insertion de rappels
INSERT INTO Reminder (name_rem, date_rem, user) VALUES
('Facture d''électricité', '2023-07-01', 'Alice Johnson'),
('Assurance auto', '2023-07-15', 'Bob Smith'),
('Frais de scolarité universitaire', '2023-07-05', 'Charlie Brown'),
('Impôt sur le revenu', '2023-07-20', 'David Taylor'),
('Loyer', '2023-07-25', 'Eva Davis'),
('Frais médicaux', '2023-07-10', 'Fiona Wilson'),
('Abonnement à une salle de sport', '2023-07-22', 'George Miller'),
('Frais de téléphone portable', '2023-07-01', 'Alice Johnson'),
('Frais de carte de crédit', '2023-07-15', 'Bob Smith'),
('Cotisation à un club de sport', '2023-07-05', 'Charlie Brown'),
('Soirée au restaurant', '2023-07-20', 'David Taylor'),
('Anniversaire de mariage', '2023-07-25', 'Eva Davis'),
('Rendez-vous chez le dentiste', '2023-07-10', 'Fiona Wilson');

-- Insertion de catégories
INSERT INTO Category (name_cat, color, user) VALUES
('Alimentation', '#FF5733', 'Alice Johnson'),
('Services publics', '#C70039', 'Bob Smith'),
('Divertissement', '#900C3F', 'Charlie Brown'),
('Assurances', '#581845', 'David Taylor'),
('Santé', '#FFC300', 'Eva Davis'),
('Soins personnels', '#FFEB3B', 'Fiona Wilson'),
('Restauration', '#E65100', 'George Miller'),
('Vêtements', '#F57F17', 'Alice Johnson'),
('Éducation', '#FFA000', 'Bob Smith'),
('Voyage', '#FFC857', 'Charlie Brown'),
('Cadeaux', '#FFD180', 'David Taylor'),
('Maison', '#FFECB3', 'Eva Davis'),
('Animaux de compagnie', '#00897B', 'Fiona Wilson'),
('Revenu', '#009688', 'George Miller'),
('Épargne', '#4CAF50', 'Alice Johnson'),
('Investissements', '#8BC34A', 'Bob Smith'),
('Impôts', '#CDDC39', 'Charlie Brown'),
('Dons', '#FFEB3B', 'David Taylor'),
('Divers', '#FFC107', 'Eva Davis'),
('Salaire', '#FFA000', 'Fiona Wilson'),
('Prime', '#FF5722', 'George Miller'),
('Indépendant', '#795548', 'Alice Johnson'),
('Autres revenus', '#9E9E9E', 'Bob Smith'),
('Prêts', '#607D8B', 'Charlie Brown'),
('Frais médicaux', '#263238', 'David Taylor');

-- Insertion de dépenses
INSERT INTO Expense (name_exp, desc_exp, date_exp, value_exp, cat_exp, user) VALUES
('Courses au supermarché', 'Courses hebdomadaires au supermarché local', '2023-06-25', 150.00, 1, 'Alice Johnson'),
('Facture d''électricité', 'Facture d''électricité mensuelle', '2023-06-15', 100.00, 2, 'Bob Smith'),
('Frais de scolarité universitaire', 'Frais de scolarité pour l''année', '2023-06-05', 3500.00, 3, 'Charlie Brown'),
('Assurance auto', 'Paiement annuel de l''assurance auto', '2023-06-20', 900.00, 4, 'David Taylor'),
('Loyer', 'Paiement du loyer mensuel', '2023-06-25', 1200.00, 12, 'Eva Davis'),
('Frais médicaux', 'Consultation chez le médecin', '2023-06-10', 120.00, 5, 'Fiona Wilson'),
('Abonnement à une salle de sport', 'Abonnement mensuel à une salle de sport', '2023-06-22', 50.00, 8, 'George Miller'),
('Frais de téléphone portable', 'Facture de téléphone portable mensuelle', '2023-06-01', 40.00, 2, 'Alice Johnson'),
('Frais de carte de crédit', 'Frais annuels de la carte de crédit', '2023-06-15', 150.00, 2, 'Bob Smith'),
('Cotisation à un club de sport', 'Cotisation annuelle à un club de sport', '2023-06-05', 400.00, 3, 'Charlie Brown'),
('Soirée au restaurant', 'Soirée au restaurant avec des amis', '2023-06-20', 60.00, 7, 'David Taylor'),
('Anniversaire de mariage', 'Célébration de l''anniversaire de mariage', '2023-06-25', 300.00, 11, 'Eva Davis'),
('Rendez-vous chez le dentiste', 'Consultation dentaire', '2023-06-10', 150.00, 5, 'Fiona Wilson'),
('Courses de vêtements', 'Achat de vêtements chez Zara', '2023-06-27', 200.00, 8, 'George Miller'),
('Cours en ligne', 'Inscription à un cours en ligne', '2023-06-12', 300.00, 9, 'Alice Johnson'),
('Fournitures artistiques', 'Achat de fournitures artistiques pour un passe-temps', '2023-06-17', 100.00, 10, 'Bob Smith'),
('Billets d''avion', 'Réservation de billets d''avion pour les vacances', '2023-06-22', 700.00, 11, 'Charlie Brown'),
('Cadeau d''anniversaire', 'Achat d''un cadeau d''anniversaire pour un ami', '2023-06-27', 60.00, 12, 'David Taylor'),
('Réparation à domicile', 'Réparation d''une fuite d''eau à la maison', '2023-06-08', 200.00, 13, 'Eva Davis'),
('Nourriture pour animaux', 'Achat de nourriture pour animaux de compagnie', '2023-06-13', 50.00, 14, 'Fiona Wilson'),
('Revenu du salaire', 'Salaire mensuel', '2023-06-30', 3500.00, 15, 'George Miller'),
('Transfert d''épargne', 'Transfert d''argent sur un compte d''épargne', '2023-06-16', 800.00, 16, 'Alice Johnson'),
('Investissement', 'Investissement en bourse', '2023-06-21', 1500.00, 17, 'Bob Smith'),
('Paiement des impôts', 'Paiement des impôts annuels', '2023-06-30', 3000.00, 18, 'Charlie Brown'),
('Don', 'Don à une association caritative', '2023-06-24', 200.00, 19, 'David Taylor'),
('Dépenses diverses', 'Diverses petites dépenses', '2023-06-19', 50.00, 20, 'Eva Davis'),
('Remboursement de prêt', 'Remboursement mensuel de prêt', '2023-06-05', 300.00, 23, 'Fiona Wilson'),
('Revenu indépendant', 'Revenu d''un travail indépendant', '2023-06-11', 1000.00, 21, 'George Miller'),
('Prime', 'Prime reçue du travail', '2023-06-29', 1500.00, 22, 'Alice Johnson'),
('Autres revenus', 'Revenu provenant d''autres sources', '2023-06-26', 400.00, 24, 'Bob Smith'),
('Déjeuner au travail', 'Déjeuner au restaurant pendant la pause déjeuner', '2023-07-01', 15.00, 7, 'Alice Johnson'),
('Abondement employeur', "Versement de l''employeur sur le plan d''épargne entreprise", '2023-07-01', 500.00, 16, 'Bob Smith'),
('Frais bancaires', 'Frais de tenue de compte bancaire', '2023-07-02', 30.00, 2, 'Charlie Brown'),
('Péage autoroute', 'Paiement du péage autoroutier', '2023-07-03', 20.00, 4, 'David Taylor'),
('Soins dentaires', 'Consultation chez le dentiste', '2023-07-04', 100.00, 5, 'Eva Davis'),
('Abonnement Netflix', "Paiement de l''abonnement mensuel à Netflix", '2023-07-05', 15.00, 3, 'Fiona Wilson'),
('Cours de yoga', 'Inscription à un cours de yoga', '2023-07-06', 80.00, 6, 'George Miller'),
('Frais de scolarité', 'Paiement des frais de scolarité', '2023-07-07', 2000.00, 9, 'Alice Johnson'),
('Frais de stationnement', 'Paiement du stationnement en ville', '2023-07-08', 20.00, 4, 'Bob Smith'),
('Assurance habitation', "Paiement de l''assurance habitation annuelle", '2023-07-09', 400.00, 13, 'Charlie Brown'),
('Courses alimentaires', 'Achat de produits alimentaires pour la semaine', '2023-07-10', 80.00, 1, 'David Taylor'),
('Carte de transport', "Achat d''une carte de transport pour le mois", '2023-07-11', 70.00, 4, 'Eva Davis'),
('Cinéma', 'Sortie au cinéma avec des amis', '2023-07-12', 30.00, 3, 'Fiona Wilson'),
('Achat de livres', 'Achat de livres pour les études', '2023-07-13', 70.00, 9, 'George Miller'),
('Frais de gym', 'Paiement des frais d''adhésion à la salle de sport', '2023-07-14', 60.00, 8, 'Alice Johnson'),
('Restaurant', 'Déjeuner au restaurant avec des collègues', '2023-07-15', 30.00, 7, 'Bob Smith'),
('Cadeau d''anniversaire', 'Achat d''un cadeau d''anniversaire pour un ami', '2023-07-16', 60.00, 12, 'Charlie Brown'),
('Frais de parking', 'Paiement du parking pour se garer en ville', '2023-07-17', 15.00, 4, 'David Taylor'),
('Assurance voiture', "Paiement de l''assurance voiture annuelle", '2023-07-18', 600.00, 13, 'Eva Davis'),
('Soins médicaux', 'Consultation chez le médecin généraliste', '2023-07-19', 50.00, 5, 'Fiona Wilson'),
('Vêtements', 'Achat de vêtements pour la saison estivale', '2023-07-20', 150.00, 8, 'George Miller'),
('Concert', 'Billet pour un concert', '2023-07-21', 60.00, 3, 'Alice Johnson'),
('Impôts', 'Paiement des impôts sur le revenu', '2023-07-22', 2000.00, 18, 'Bob Smith'),
('Frais de notaire', 'Paiement des frais de notaire pour l''achat d''un bien immobilier', '2023-07-23', 1000.00, 13, 'Charlie Brown'),
('Coiffeur', 'Coupe de cheveux chez le coiffeur', '2023-07-24', 40.00, 6, 'David Taylor'),
('Frais de téléphone', 'Paiement de la facture de téléphone', '2023-07-25', 40.00, 2, 'Eva Davis'),
('Frais de garde', 'Paiement des frais de garde d''enfants', '2023-07-26', 400.00, 5, 'Fiona Wilson'),
('Abonnement magazine', 'Abonnement à un magazine mensuel', '2023-07-27', 20.00, 3, 'George Miller'),
('Frais de livraison', 'Paiement des frais de livraison pour un achat en ligne', '2023-07-28', 10.00, 2, 'Alice Johnson'),
('Frais de réparation', 'Réparation d''un appareil électroménager', '2023-07-29', 200.00, 13, 'Bob Smith'),
('Frais de scolarité', 'Paiement des frais de scolarité pour l''année prochaine', '2023-07-30', 2500.00, 9, 'Charlie Brown'),
('Cadeau de mariage', 'Achat d''un cadeau de mariage pour un ami', '2023-08-01', 150.00, 12, 'David Taylor'),
('Frais de déplacement', 'Remboursement des frais de déplacement professionnels', '2023-08-02', 200.00, 4, 'Eva Davis'),
('Frais de sport', 'Inscription à un club de sport', '2023-08-03', 100.00, 6, 'Fiona Wilson'),
('Frais de formation', 'Paiement d''une formation professionnelle', '2023-08-04', 500.00, 9, 'George Miller'),
('Frais de vétérinaire', 'Consultation chez le vétérinaire pour un animal de compagnie', '2023-08-05', 80.00, 14, 'Alice Johnson'),
('Frais de location', 'Paiement des frais de location d''un appartement', '2023-08-06', 800.00, 13, 'Bob Smith'),
('Frais de cours', 'Paiement d''un cours de langue étrangère', '2023-08-07', 300.00, 9, 'Charlie Brown'),
('Frais de musée', 'Visite d''un musée', '2023-08-08', 25.00, 3, 'David Taylor');
