-- Insertion d'utilisateurs
-- Mots de passe des utilisateurs : testPassword.123
INSERT INTO ETUser (username, password, birth, email, gender, budget, auth_attempt, last_auth_attempt) VALUES
('Smith', '$argon2id$v=19$m=65536,t=10,p=1$AMfKVlpNtcxgvqDT0escag$+ZtXsM8XGJ2D5ESL8FojFjupgSqLGEP+u2wwD183Aj8', '1985-03-15', 'john.smith@example.com', 'm', 4500.00, 0, NULL),
('Jones', '$argon2id$v=19$m=65536,t=10,p=1$AMfKVlpNtcxgvqDT0escag$+ZtXsM8XGJ2D5ESL8FojFjupgSqLGEP+u2wwD183Aj8', '1992-07-22', 'emma.jones@example.com', 'f', 5000.00, 2, NULL),
('Brown', '$argon2id$v=19$m=65536,t=10,p=1$AMfKVlpNtcxgvqDT0escag$+ZtXsM8XGJ2D5ESL8FojFjupgSqLGEP+u2wwD183Aj8', '1988-11-08', 'michael.brown@example.com', 'm', 6000.00, 0, NULL),
('Taylor', '$argon2id$v=19$m=65536,t=10,p=1$AMfKVlpNtcxgvqDT0escag$+ZtXsM8XGJ2D5ESL8FojFjupgSqLGEP+u2wwD183Aj8', '1995-02-11', 'olivia.taylor@example.com', 'f', 5500.00, 0, NULL),
('Davis', '$argon2id$v=19$m=65536,t=10,p=1$AMfKVlpNtcxgvqDT0escag$+ZtXsM8XGJ2D5ESL8FojFjupgSqLGEP+u2wwD183Aj8', '1990-09-27', 'william.davis@example.com', 'm', 4000.00, 0, NULL),
('Johnson', '$argon2id$v=19$m=65536,t=10,p=1$AMfKVlpNtcxgvqDT0escag$+ZtXsM8XGJ2D5ESL8FojFjupgSqLGEP+u2wwD183Aj8', '1987-05-13', 'jessica.johnson@example.com', 'f', 7000.00, 0, NULL),
('Wilson', '$argon2id$v=19$m=65536,t=10,p=1$AMfKVlpNtcxgvqDT0escag$+ZtXsM8XGJ2D5ESL8FojFjupgSqLGEP+u2wwD183Aj8', '1998-12-03', 'thomas.wilson@example.com', 'm', 5200.00, 0, NULL);

-- Insertion de rappels
INSERT INTO Reminder (name_rem, date_rem, user) VALUES
('Facture de gaz', '2023-07-01', 'Smith'),
('Assurance habitation', '2023-07-15', 'Jones'),
('Frais de scolarité universitaire', '2023-07-05', 'Brown'),
('Impôt foncier', '2023-07-20', 'Taylor'),
('Loyer', '2023-07-25', 'Davis'),
('Frais médicaux', '2023-07-10', 'Johnson'),
('Abonnement à une salle de sport', '2023-07-22', 'Wilson'),
('Frais de téléphone portable', '2023-07-01', 'Smith'),
('Frais de carte de crédit', '2023-07-15', 'Jones'),
('Cotisation à un club de sport', '2023-07-05', 'Brown'),
('Soirée au restaurant', '2023-07-20', 'Taylor'),
('Anniversaire de mariage', '2023-07-25', 'Davis'),
('Rendez-vous chez le dentiste', '2023-07-10', 'Johnson');

-- Insertion de catégories
INSERT INTO Category (name_cat, color, user) VALUES
('Alimentation', '#FF5733', 'Smith'),
('Services publics', '#C70039', 'Jones'),
('Divertissement', '#900C3F', 'Brown'),
('Assurances', '#581845', 'Taylor'),
('Santé', '#FFC300', 'Davis'),
('Soins personnels', '#FFEB3B', 'Johnson'),
('Restauration', '#E65100', 'Wilson'),
('Vêtements', '#F57F17', 'Smith'),
('Éducation', '#FFA000', 'Jones'),
('Voyage', '#FFC857', 'Brown'),
('Cadeaux', '#FFD180', 'Taylor'),
('Maison', '#FFECB3', 'Davis'),
('Animaux de compagnie', '#00897B', 'Johnson'),
('Revenu', '#009688', 'Wilson'),
('Épargne', '#4CAF50', 'Smith'),
('Investissements', '#8BC34A', 'Jones'),
('Impôts', '#CDDC39', 'Brown'),
('Dons', '#FFEB3B', 'Taylor'),
('Divers', '#FFC107', 'Davis'),
('Salaire', '#FFA000', 'Johnson'),
('Prime', '#FF5722', 'Wilson'),
('Indépendant', '#795548', 'Smith'),
('Autres revenus', '#9E9E9E', 'Jones'),
('Prêts', '#607D8B', 'Brown'),
('Frais médicaux', '#263238', 'Taylor');

-- Insertion de dépenses
INSERT INTO Expense (name_exp, desc_exp, date_exp, value_exp, cat_exp, user) VALUES
('Courses au supermarché', 'Courses hebdomadaires au supermarché local', '2023-06-25', 120.00, 1, 'Smith'),
('Facture de gaz', 'Facture de gaz mensuelle', '2023-06-15', 80.00, 2, 'Jones'),
('Frais de scolarité universitaire', 'Frais de scolarité pour l''année', '2023-06-05', 3000.00, 3, 'Brown'),
('Assurance habitation', 'Paiement annuel de l''assurance habitation', '2023-06-20', 800.00, 4, 'Taylor'),
('Loyer', 'Paiement du loyer mensuel', '2023-06-25', 1000.00, 12, 'Davis'),
('Frais médicaux', 'Consultation chez le médecin', '2023-06-10', 100.00, 5, 'Johnson'),
('Abonnement à une salle de sport', 'Abonnement mensuel à une salle de sport', '2023-06-22', 60.00, 8, 'Wilson'),
('Frais de téléphone portable', 'Facture de téléphone portable mensuelle', '2023-06-01', 50.00, 2, 'Smith'),
('Frais de carte de crédit', 'Frais annuels de la carte de crédit', '2023-06-15', 120.00, 2, 'Jones'),
('Cotisation à un club de sport', 'Cotisation annuelle à un club de sport', '2023-06-05', 350.00, 3, 'Brown'),
('Soirée au restaurant', 'Soirée au restaurant avec des amis', '2023-06-20', 50.00, 7, 'Taylor'),
('Anniversaire de mariage', 'Célébration de l''anniversaire de mariage', '2023-06-25', 250.00, 11, 'Davis'),
('Rendez-vous chez le dentiste', 'Consultation dentaire', '2023-06-10', 130.00, 5, 'Johnson'),
('Courses de vêtements', 'Achat de vêtements chez H&M', '2023-06-27', 150.00, 8, 'Wilson'),
('Cours en ligne', 'Inscription à un cours en ligne', '2023-06-12', 250.00, 9, 'Smith'),
('Fournitures artistiques', 'Achat de fournitures artistiques pour un passe-temps', '2023-06-17', 75.00, 10, 'Jones'),
('Billets d''avion', 'Réservation de billets d''avion pour les vacances', '2023-06-22', 600.00, 11, 'Brown'),
('Cadeau d''anniversaire', 'Achat d''un cadeau d''anniversaire pour un ami', '2023-06-27', 50.00, 12, 'Taylor'),
('Réparation à domicile', 'Réparation d''une fuite d''eau à la maison', '2023-06-08', 150.00, 13, 'Davis'),
('Nourriture pour animaux', 'Achat de nourriture pour animaux de compagnie', '2023-06-13', 40.00, 14, 'Johnson'),
('Revenu du salaire', 'Salaire mensuel', '2023-06-30', 3000.00, 15, 'Wilson'),
('Transfert d''épargne', 'Transfert d''argent sur un compte d''épargne', '2023-06-16', 700.00, 16, 'Smith'),
('Investissement', 'Investissement en bourse', '2023-06-21', 1200.00, 17, 'Jones'),
('Paiement des impôts', 'Paiement des impôts annuels', '2023-06-30', 2500.00, 18, 'Brown'),
('Don', 'Don à une association caritative', '2023-06-24', 180.00, 19, 'Taylor'),
('Dépenses diverses', 'Diverses petites dépenses', '2023-06-19', 40.00, 20, 'Davis'),
('Remboursement de prêt', 'Remboursement mensuel de prêt', '2023-06-05', 250.00, 23, 'Johnson'),
('Revenu indépendant', 'Revenu d''un travail indépendant', '2023-06-11', 900.00, 21, 'Wilson'),
('Prime', 'Prime reçue du travail', '2023-06-29', 1200.00, 22, 'Smith'),
('Autres revenus', 'Revenu provenant d''autres sources', '2023-06-26', 350.00, 24, 'Jones'),
('Déjeuner au travail', 'Déjeuner au restaurant pendant la pause déjeuner', '2023-07-01', 12.00, 7, 'Smith'),
('Abondement employeur', "Versement de l''employeur sur le plan d''épargne entreprise", '2023-07-01', 400.00, 16, 'Jones'),
('Frais bancaires', 'Frais de tenue de compte bancaire', '2023-07-02', 25.00, 2, 'Brown'),
('Péage autoroute', 'Paiement du péage autoroutier', '2023-07-03', 18.00, 4, 'Taylor'),
('Soins dentaires', 'Consultation chez le dentiste', '2023-07-04', 90.00, 5, 'Davis'),
('Abonnement Netflix', "Paiement de l''abonnement mensuel à Netflix", '2023-07-05', 13.00, 3, 'Johnson'),
('Cours de yoga', 'Inscription à un cours de yoga', '2023-07-06', 70.00, 6, 'Wilson'),
('Frais de scolarité', 'Paiement des frais de scolarité', '2023-07-07', 1800.00, 9, 'Smith'),
('Frais de stationnement', 'Paiement du stationnement en ville', '2023-07-08', 15.00, 4, 'Jones'),
('Assurance habitation', "Paiement de l''assurance habitation annuelle", '2023-07-09', 350.00, 13, 'Brown'),
('Courses alimentaires', 'Achat de produits alimentaires pour la semaine', '2023-07-10', 70.00, 1, 'Taylor'),
('Carte de transport', "Achat d''une carte de transport pour le mois", '2023-07-11', 60.00, 4, 'Davis'),
('Cinéma', 'Sortie au cinéma avec des amis', '2023-07-12', 25.00, 3, 'Johnson'),
('Achat de livres', 'Achat de livres pour les études', '2023-07-13', 60.00, 9, 'Wilson'),
('Frais de gym', 'Paiement des frais d''adhésion à la salle de sport', '2023-07-14', 45.00, 8, 'Smith'),
('Restaurant', 'Déjeuner au restaurant avec des collègues', '2023-07-15', 25.00, 7, 'Jones'),
('Cadeau d''anniversaire', 'Achat d''un cadeau d''anniversaire pour un ami', '2023-07-16', 50.00, 12, 'Brown'),
('Frais de parking', 'Paiement du parking pour se garer en ville', '2023-07-17', 12.00, 4, 'Taylor'),
('Assurance voiture', "Paiement de l''assurance voiture annuelle", '2023-07-18', 500.00, 13, 'Davis'),
('Soins médicaux', 'Consultation chez le médecin généraliste', '2023-07-19', 40.00, 5, 'Johnson'),
('Vêtements', 'Achat de vêtements pour la saison estivale', '2023-07-20', 130.00, 8, 'Wilson'),
('Concert', 'Billet pour un concert', '2023-07-21', 50.00, 3, 'Smith'),
('Impôts', 'Paiement des impôts sur le revenu', '2023-07-22', 1800.00, 18, 'Jones'),
('Frais de notaire', 'Paiement des frais de notaire pour l''achat d''un bien immobilier', '2023-07-23', 900.00, 13, 'Brown'),
('Coiffeur', 'Coupe de cheveux chez le coiffeur', '2023-07-24', 35.00, 6, 'Taylor'),
('Frais de téléphone', 'Paiement de la facture de téléphone', '2023-07-25', 35.00, 2, 'Davis'),
('Frais de garde', 'Paiement des frais de garde d''enfants', '2023-07-26', 350.00, 5, 'Johnson'),
('Abonnement magazine', 'Abonnement à un magazine mensuel', '2023-07-27', 15.00, 3, 'Wilson'),
('Frais de livraison', 'Paiement des frais de livraison pour un achat en ligne', '2023-07-28', 8.00, 2, 'Smith'),
('Frais de réparation', 'Réparation d''un appareil électroménager', '2023-07-29', 180.00, 13, 'Jones'),
('Frais de scolarité', 'Paiement des frais de scolarité pour l''année prochaine', '2023-07-30', 2500.00, 9, 'Brown'),
('Cadeau de mariage', 'Achat d''un cadeau de mariage pour un ami', '2023-08-01', 120.00, 12, 'Taylor'),
('Frais de déplacement', 'Remboursement des frais de déplacement professionnels', '2023-08-02', 150.00, 4, 'Davis'),
('Frais de sport', 'Inscription à un club de sport', '2023-08-03', 90.00, 6, 'Johnson'),
('Frais de formation', 'Paiement d''une formation professionnelle', '2023-08-04', 450.00, 9, 'Wilson'),
('Frais de vétérinaire', 'Consultation chez le vétérinaire pour un animal de compagnie', '2023-08-05', 70.00, 14, 'Smith'),
('Frais de location', 'Paiement des frais de location d''un appartement', '2023-08-06', 700.00, 13, 'Jones'),
('Frais de cours', 'Paiement d''un cours de langue étrangère', '2023-08-07', 250.00, 9, 'Brown'),
('Frais de musée', 'Visite d''un musée', '2023-08-08', 20.00, 3, 'Taylor');
