-- Insertion d'utilisateurs
-- Mots de passe des utilisateurs : testPassword.123
INSERT INTO ETUser (username, password, birth, email, gender, budget, auth_attempt, last_auth_attempt) VALUES
('JohnDoe', '$argon2id$v=19$m=65536,t=10,p=1$AMfKVlpNtcxgvqDT0escag$+ZtXsM8XGJ2D5ESL8FojFjupgSqLGEP+u2wwD183Aj8', '1993-07-28', 'johndoe@example.com', 'm', 5500.00, 0, NULL),
('JaneDoe', '$argon2id$v=19$m=65536,t=10,p=1$AMfKVlpNtcxgvqDT0escag$+ZtXsM8XGJ2D5ESL8FojFjupgSqLGEP+u2wwD183Aj8', '1987-10-13', 'janedoe@example.com', 'f', 6500.00, 3, NULL),
('MikeSmith', '$argon2id$v=19$m=65536,t=10,p=1$AMfKVlpNtcxgvqDT0escag$+ZtXsM8XGJ2D5ESL8FojFjupgSqLGEP+u2wwD183Aj8', '1991-03-22', 'mikesmith@example.com', 'm', 4800.00, 0, NULL),
('SarahJohnson', '$argon2id$v=19$m=65536,t=10,p=1$AMfKVlpNtcxgvqDT0escag$+ZtXsM8XGJ2D5ESL8FojFjupgSqLGEP+u2wwD183Aj8', '1989-05-30', 'sarahjohnson@example.com', 'f', 7200.00, 0, NULL),
('TomBrown', '$argon2id$v=19$m=65536,t=10,p=1$AMfKVlpNtcxgvqDT0escag$+ZtXsM8XGJ2D5ESL8FojFjupgSqLGEP+u2wwD183Aj8', '1994-11-17', 'tombrown@example.com', 'm', 3800.00, 0, NULL),
('EmmaWhite', '$argon2id$v=19$m=65536,t=10,p=1$AMfKVlpNtcxgvqDT0escag$+ZtXsM8XGJ2D5ESL8FojFjupgSqLGEP+u2wwD183Aj8', '1986-01-08', 'emmawhite@example.com', 'f', 8200.00, 0, NULL),
('DanielGreen', '$argon2id$v=19$m=65536,t=10,p=1$AMfKVlpNtcxgvqDT0escag$+ZtXsM8XGJ2D5ESL8FojFjupgSqLGEP+u2wwD183Aj8', '1996-08-25', 'danielgreen@example.com', 'm', 4200.00, 0, NULL);

-- Insertion de rappels
INSERT INTO Reminder (name_rem, date_rem, user) VALUES
('Prime d\'assurance', '2023-05-01', 'JohnDoe'),
('Facture de gaz', '2023-05-15', 'JaneDoe'),
('Cotisation syndicale', '2023-05-05', 'MikeSmith'),
('Assurance vie', '2023-05-20', 'SarahJohnson'),
('Impôt foncier', '2023-05-25', 'TomBrown'),
('Frais de scolarité', '2023-05-10', 'EmmaWhite'),
('Abonnement à un magazine', '2023-05-22', 'DanielGreen'),
('Frais de stationnement', '2023-05-01', 'JohnDoe'),
('Frais de carte de crédit', '2023-05-15', 'JaneDoe'),
('Frais de club de sport', '2023-05-05', 'MikeSmith'),
('Soirée au théâtre', '2023-05-20', 'SarahJohnson'),
('Anniversaire de mariage', '2023-05-25', 'TomBrown'),
('Rendez-vous chez le dentiste', '2023-05-10', 'EmmaWhite');

-- Insertion de catégories
INSERT INTO Category (name_cat, color, user) VALUES
('Superette', '#FF5733', 'JohnDoe'),
('Services publics', '#C70039', 'JaneDoe'),
('Loisirs', '#900C3F', 'MikeSmith'),
('Assurances', '#581845', 'SarahJohnson'),
('Santé', '#FFC300', 'TomBrown'),
('Soins personnels', '#FFEB3B', 'EmmaWhite'),
('Restaurants', '#E65100', 'DanielGreen'),
('Vêtements', '#F57F17', 'JohnDoe'),
('Éducation', '#FFA000', 'JaneDoe'),
('Voyage', '#FFC857', 'MikeSmith'),
('Cadeaux', '#FFD180', 'SarahJohnson'),
('Maison', '#FFECB3', 'TomBrown'),
('Animaux de compagnie', '#00897B', 'EmmaWhite'),
('Revenu', '#009688', 'DanielGreen'),
('Épargne', '#4CAF50', 'JohnDoe'),
('Investissements', '#8BC34A', 'JaneDoe'),
('Impôts', '#CDDC39', 'MikeSmith'),
('Dons', '#FFEB3B', 'SarahJohnson'),
('Divers', '#FFC107', 'TomBrown'),
('Salaire', '#FFA000', 'EmmaWhite'),
('Prime', '#FF5722', 'DanielGreen'),
('Indépendant', '#795548', 'JohnDoe'),
('Autres revenus', '#9E9E9E', 'JaneDoe'),
('Prêts', '#607D8B', 'MikeSmith'),
('Frais médicaux', '#263238', 'SarahJohnson');

-- Insertion de dépenses
INSERT INTO Expense (name_exp, desc_exp, date_exp, value_exp, cat_exp, user) VALUES
('Courses au marché', 'Courses hebdomadaires au marché local', '2023-04-25', 120.00, 1, 'JohnDoe'),
('Facture de gaz', 'Facture de gaz mensuelle', '2023-04-15', 80.00, 2, 'JaneDoe'),
('Cotisation syndicale', 'Cotisation syndicale annuelle', '2023-04-05', 200.00, 3, 'MikeSmith'),
('Assurance vie', 'Paiement annuel de l\'assurance vie', '2023-04-20', 600.00, 4, 'SarahJohnson'),
('Impôt foncier', 'Paiement de l\'impôt foncier annuel', '2023-04-25', 1200.00, 24, 'TomBrown'),
('Frais de scolarité', 'Paiement des frais de scolarité pour l\'année', '2023-04-10', 3000.00, 9, 'EmmaWhite'),
('Abonnement à un magazine', 'Abonnement annuel à un magazine', '2023-04-22', 60.00, 8, 'DanielGreen'),
('Frais de stationnement', 'Frais de stationnement mensuels', '2023-04-01', 40.00, 4, 'JohnDoe'),
('Frais de carte de crédit', 'Frais annuels de la carte de crédit', '2023-04-15', 100.00, 2, 'JaneDoe'),
('Frais de club de sport', 'Frais d\'adhésion annuels au club de sport', '2023-04-05', 300.00, 3, 'MikeSmith'),
('Soirée au théâtre', 'Soirée au théâtre avec des amis', '2023-04-20', 80.00, 3, 'SarahJohnson'),
('Anniversaire de mariage', 'Célébration de l\'anniversaire de mariage', '2023-04-25', 200.00, 12, 'TomBrown'),
('Rendez-vous chez le dentiste', 'Consultation dentaire', '2023-04-10', 100.00, 5, 'EmmaWhite'),
('Courses de vêtements', 'Achat de vêtements chez Uniqlo', '2023-04-27', 150.00, 8, 'DanielGreen'),
('Cours en ligne', 'Inscription à un cours en ligne', '2023-04-12', 150.00, 9, 'JohnDoe'),
('Fournitures artistiques', 'Achat de fournitures artistiques pour un passe-temps', '2023-04-17', 75.00, 10, 'JaneDoe'),
('Billets d\'avion', 'Réservation de billets d\'avion pour les vacances', '2023-04-22', 400.00, 11, 'MikeSmith'),
('Cadeau d\'anniversaire', 'Achat d\'un cadeau d\'anniversaire pour un ami', '2023-04-27', 60.00, 12, 'SarahJohnson'),
('Réparation à domicile', 'Réparation d\'un robinet qui fuit à la maison', '2023-04-08', 120.00, 13, 'TomBrown'),
('Nourriture pour animaux', 'Achat de nourriture pour animaux de compagnie', '2023-04-13', 40.00, 14, 'EmmaWhite'),
('Revenu du salaire', 'Salaire mensuel', '2023-04-30', 4000.00, 20, 'DanielGreen'),
('Transfert d\'épargne', 'Transfert d\'argent sur un compte d\'épargne', '2023-04-16', 600.00, 15, 'JohnDoe'),
('Investissement', 'Investissement en bourse', '2023-04-21', 1200.00, 16, 'JaneDoe'),
('Paiement des impôts', 'Paiement des impôts annuels', '2023-04-30', 2500.00, 17, 'MikeSmith'),
('Don', 'Don à une association caritative', '2023-04-24', 150.00, 18, 'SarahJohnson'),
('Dépenses diverses', 'Diverses petites dépenses', '2023-04-19', 50.00, 19, 'TomBrown'),
('Remboursement de prêt', 'Remboursement mensuel de prêt', '2023-04-05', 250.00, 23, 'EmmaWhite'),
('Revenu indépendant', 'Revenu d\'un travail indépendant', '2023-04-11', 800.00, 21, 'DanielGreen'),
('Prime', 'Prime reçue du travail', '2023-04-29', 1000.00, 22, 'JohnDoe'),
('Autres revenus', 'Revenu provenant d\'autres sources', '2023-04-26', 300.00, 24, 'JaneDoe'),
('Déjeuner au travail', 'Déjeuner au restaurant pendant la pause déjeuner', '2023-05-01', 12.00, 7, 'JohnDoe'),
('Abondement employeur', "Versement de l\'employeur sur le plan d'épargne entreprise", '2023-05-01', 400.00, 15, 'JaneDoe'),
('Frais bancaires', 'Frais de tenue de compte bancaire', '2023-05-02', 25.00, 2, 'MikeSmith'),
('Péage autoroute', 'Paiement du péage autoroutier', '2023-05-03', 15.00, 4, 'SarahJohnson'),
('Soins dentaires', 'Consultation chez le dentiste', '2023-05-04', 80.00, 5, 'TomBrown'),
('Abonnement Netflix', "Paiement de l\'abonnement mensuel à Netflix", '2023-05-05', 12.00, 3, 'EmmaWhite'),
('Cours de yoga', 'Inscription à un cours de yoga', '2023-05-06', 70.00, 6, 'DanielGreen'),
('Frais de scolarité', 'Paiement des frais de scolarité', '2023-05-07', 1500.00, 9, 'JohnDoe'),
('Frais de stationnement', 'Paiement du stationnement en ville', '2023-05-08', 12.00, 4, 'JaneDoe'),
('Assurance habitation', "Paiement de l\'assurance habitation annuelle", '2023-05-09', 350.00, 13, 'MikeSmith'),
('Courses alimentaires', 'Achat de produits alimentaires pour la semaine', '2023-05-10', 70.00, 1, 'SarahJohnson'),
('Carte de transport', "Achat d\'une carte de transport pour le mois", '2023-05-11', 60.00, 4, 'TomBrown'),
('Cinéma', 'Sortie au cinéma avec des amis', '2023-05-12', 25.00, 3, 'EmmaWhite'),
('Achat de livres', 'Achat de livres pour les études', '2023-05-13', 60.00, 9, 'DanielGreen'),
('Frais de gym', 'Paiement des frais d\'adhésion à la salle de sport', '2023-05-14', 40.00, 6, 'JohnDoe'),
('Restaurant', 'Déjeuner au restaurant avec des collègues', '2023-05-15', 25.00, 7, 'JaneDoe'),
('Cadeau d\'anniversaire', 'Achat d\'un cadeau d\'anniversaire pour un ami', '2023-05-16', 50.00, 12, 'MikeSmith'),
('Frais de parking', 'Paiement du parking pour se garer en ville', '2023-05-17', 10.00, 4, 'SarahJohnson'),
('Assurance voiture', "Paiement de l\'assurance voiture annuelle", '2023-05-18', 500.00, 13, 'TomBrown'),
('Soins médicaux', 'Consultation chez le médecin généraliste', '2023-05-19', 40.00, 5, 'EmmaWhite'),
('Vêtements', 'Achat de vêtements pour la saison printanière', '2023-05-20', 130.00, 8, 'DanielGreen'),
('Concert', 'Billet pour un concert', '2023-05-21', 50.00, 3, 'JohnDoe'),
('Impôts', 'Paiement des impôts sur le revenu', '2023-05-22', 1200.00, 17, 'JaneDoe'),
('Frais de notaire', 'Paiement des frais de notaire pour l\'achat d\'un bien immobilier', '2023-05-23', 800.00, 13, 'MikeSmith'),
('Coiffeur', 'Coupe de cheveux chez le coiffeur', '2023-05-24', 30.00, 6, 'SarahJohnson'),
('Frais de téléphone', 'Paiement de la facture de téléphone', '2023-05-25', 35.00, 2, 'TomBrown'),
('Frais de garde', 'Paiement des frais de garde d\'enfants', '2023-05-26', 300.00, 5, 'EmmaWhite'),
('Abonnement magazine', 'Abonnement à un magazine mensuel', '2023-05-27', 15.00, 3, 'DanielGreen'),
('Frais de livraison', 'Paiement des frais de livraison pour un achat en ligne', '2023-05-28', 8.00, 2, 'JohnDoe'),
('Frais de réparation', 'Réparation d\'un appareil électroménager', '2023-05-29', 150.00, 13, 'JaneDoe'),
('Frais de scolarité', 'Paiement des frais de scolarité pour l\'année prochaine', '2023-05-30', 2500.00, 9, 'MikeSmith'),
('Cadeau de mariage', 'Achat d\'un cadeau de mariage pour un ami', '2023-06-01', 120.00, 12, 'SarahJohnson'),
('Frais de déplacement', 'Remboursement des frais de déplacement professionnels', '2023-06-02', 180.00, 4, 'TomBrown'),
('Frais de sport', 'Inscription à un club de sport', '2023-06-03', 90.00, 6, 'EmmaWhite'),
('Frais de formation', 'Paiement d\'une formation professionnelle', '2023-06-04', 400.00, 9, 'DanielGreen'),
('Frais de vétérinaire', 'Consultation chez le vétérinaire pour un animal de compagnie', '2023-06-05', 70.00, 14, 'JohnDoe'),
('Frais de location', 'Paiement des frais de location d\'un appartement', '2023-06-06', 650.00, 13, 'JaneDoe'),
('Frais de cours', 'Paiement d\'un cours de langue étrangère', '2023-06-07', 250.00, 9, 'MikeSmith'),
('Frais de musée', 'Visite d\'un musée', '2023-06-08', 20.00, 3, 'SarahJohnson');
