-- Insertion d'utilisateurs
-- Mots de passe des utilisateurs : testPassword.123
INSERT INTO ETUser (username, password, birth, email, gender, budget, auth_attempt, last_auth_attempt) VALUES
('AlexTurner', '$argon2id$v=19$m=65536,t=10,p=1$AMfKVlpNtcxgvqDT0escag$+ZtXsM8XGJ2D5ESL8FojFjupgSqLGEP+u2wwD183Aj8', '1990-02-14', 'alexturner@example.com', 'm', 4500.00, 0, NULL),
('LilyAllen', '$argon2id$v=19$m=65536,t=10,p=1$AMfKVlpNtcxgvqDT0escag$+ZtXsM8XGJ2D5ESL8FojFjupgSqLGEP+u2wwD183Aj8', '1995-04-02', 'lilyallen@example.com', 'f', 5000.00, 2, NULL),
('RobertJohnson', '$argon2id$v=19$m=65536,t=10,p=1$AMfKVlpNtcxgvqDT0escag$+ZtXsM8XGJ2D5ESL8FojFjupgSqLGEP+u2wwD183Aj8', '1988-09-16', 'robertjohnson@example.com', 'm', 6000.00, 0, NULL),
('LauraSmith', '$argon2id$v=19$m=65536,t=10,p=1$AMfKVlpNtcxgvqDT0escag$+ZtXsM8XGJ2D5ESL8FojFjupgSqLGEP+u2wwD183Aj8', '1992-12-12', 'laurasmith@example.com', 'f', 5500.00, 0, NULL),
('PaulBrown', '$argon2id$v=19$m=65536,t=10,p=1$AMfKVlpNtcxgvqDT0escag$+ZtXsM8XGJ2D5ESL8FojFjupgSqLGEP+u2wwD183Aj8', '1996-07-20', 'paulbrown@example.com', 'm', 4000.00, 0, NULL),
('KateWhite', '$argon2id$v=19$m=65536,t=10,p=1$AMfKVlpNtcxgvqDT0escag$+ZtXsM8XGJ2D5ESL8FojFjupgSqLGEP+u2wwD183Aj8', '1985-03-18', 'katewhite@example.com', 'f', 7000.00, 0, NULL),
('WilliamGreen', '$argon2id$v=19$m=65536,t=10,p=1$AMfKVlpNtcxgvqDT0escag$+ZtXsM8XGJ2D5ESL8FojFjupgSqLGEP+u2wwD183Aj8', '1997-11-28', 'williamgreen@example.com', 'm', 5200.00, 0, NULL);

-- Insertion de rappels
INSERT INTO Reminder (name_rem, date_rem, user) VALUES
('Facture d\'électricité', '2023-06-01', 'AlexTurner'),
('Assurance auto', '2023-06-15', 'LilyAllen'),
('Frais de scolarité', '2023-06-05', 'RobertJohnson'),
('Impôt sur le revenu', '2023-06-20', 'LauraSmith'),
('Loyer', '2023-06-25', 'PaulBrown'),
('Frais médicaux', '2023-06-10', 'KateWhite'),
('Abonnement à un gymnase', '2023-06-22', 'WilliamGreen'),
('Frais de téléphone', '2023-06-01', 'AlexTurner'),
('Frais de carte de crédit', '2023-06-15', 'LilyAllen'),
('Frais de club de sport', '2023-06-05', 'RobertJohnson'),
('Soirée au cinéma', '2023-06-20', 'LauraSmith'),
('Anniversaire de mariage', '2023-06-25', 'PaulBrown'),
('Rendez-vous chez le dentiste', '2023-06-10', 'KateWhite');

-- Insertion de catégories
INSERT INTO Category (name_cat, color, user) VALUES
('Épicerie', '#FF5733', 'AlexTurner'),
('Services publics', '#C70039', 'LilyAllen'),
('Loisirs', '#900C3F', 'RobertJohnson'),
('Assurances', '#581845', 'LauraSmith'),
('Santé', '#FFC300', 'PaulBrown'),
('Soins personnels', '#FFEB3B', 'KateWhite'),
('Restaurants', '#E65100', 'WilliamGreen'),
('Vêtements', '#F57F17', 'AlexTurner'),
('Éducation', '#FFA000', 'LilyAllen'),
('Voyage', '#FFC857', 'RobertJohnson'),
('Cadeaux', '#FFD180', 'LauraSmith'),
('Maison', '#FFECB3', 'PaulBrown'),
('Animaux de compagnie', '#00897B', 'KateWhite'),
('Revenu', '#009688', 'WilliamGreen'),
('Épargne', '#4CAF50', 'AlexTurner'),
('Investissements', '#8BC34A', 'LilyAllen'),
('Impôts', '#CDDC39', 'RobertJohnson'),
('Dons', '#FFEB3B', 'LauraSmith'),
('Divers', '#FFC107', 'PaulBrown'),
('Salaire', '#FFA000', 'KateWhite'),
('Prime', '#FF5722', 'WilliamGreen'),
('Indépendant', '#795548', 'AlexTurner'),
('Autres revenus', '#9E9E9E', 'LilyAllen'),
('Prêts', '#607D8B', 'RobertJohnson'),
('Frais médicaux', '#263238', 'LauraSmith');

-- Insertion de dépenses
INSERT INTO Expense (name_exp, desc_exp, date_exp, value_exp, cat_exp, user) VALUES
('Courses au supermarché', 'Courses hebdomadaires au supermarché local', '2023-05-25', 150.00, 1, 'AlexTurner'),
('Facture d\'électricité', 'Facture d\'électricité mensuelle', '2023-05-15', 100.00, 2, 'LilyAllen'),
('Frais de scolarité', 'Frais de scolarité pour l\'année', '2023-05-05', 2500.00, 3, 'RobertJohnson'),
('Assurance auto', 'Paiement annuel de l\'assurance auto', '2023-05-20', 700.00, 4, 'LauraSmith'),
('Loyer', 'Paiement du loyer mensuel', '2023-05-25', 900.00, 24, 'PaulBrown'),
('Frais médicaux', 'Consultation chez le médecin', '2023-05-10', 120.00, 5, 'KateWhite'),
('Abonnement à un gymnase', 'Abonnement mensuel à un gymnase', '2023-05-22', 50.00, 8, 'WilliamGreen'),
('Frais de téléphone', 'Facture de téléphone mensuelle', '2023-05-01', 60.00, 4, 'AlexTurner'),
('Frais de carte de crédit', 'Frais annuels de la carte de crédit', '2023-05-15', 150.00, 2, 'LilyAllen'),
('Frais de club de sport', 'Frais d\'adhésion annuels au club de sport', '2023-05-05', 400.00, 3, 'RobertJohnson'),
('Soirée au cinéma', 'Soirée au cinéma avec des amis', '2023-05-20', 30.00, 3, 'LauraSmith'),
('Anniversaire de mariage', 'Célébration de l\'anniversaire de mariage', '2023-05-25', 300.00, 12, 'PaulBrown'),
('Rendez-vous chez le dentiste', 'Consultation dentaire', '2023-05-10', 150.00, 5, 'KateWhite'),
('Courses de vêtements', 'Achat de vêtements chez Zara', '2023-05-27', 200.00, 8, 'WilliamGreen'),
('Cours en ligne', 'Inscription à un cours en ligne', '2023-05-12', 200.00, 9, 'AlexTurner'),
('Fournitures artistiques', 'Achat de fournitures artistiques pour un passe-temps', '2023-05-17', 100.00, 10, 'LilyAllen'),
('Billets d\'avion', 'Réservation de billets d\'avion pour les vacances', '2023-05-22', 500.00, 11, 'RobertJohnson'),
('Cadeau d\'anniversaire', 'Achat d\'un cadeau d\'anniversaire pour un ami', '2023-05-27', 70.00, 12, 'LauraSmith'),
('Réparation à domicile', 'Réparation d\'une fuite d\'eau à la maison', '2023-05-08', 180.00, 13, 'PaulBrown'),
('Nourriture pour animaux', 'Achat de nourriture pour animaux de compagnie', '2023-05-13', 50.00, 14, 'KateWhite'),
('Revenu du salaire', 'Salaire mensuel', '2023-05-30', 3500.00, 20, 'WilliamGreen'),
('Transfert d\'épargne', 'Transfert d\'argent sur un compte d\'épargne', '2023-05-16', 800.00, 15, 'AlexTurner'),
('Investissement', 'Investissement en bourse', '2023-05-21', 1500.00, 16, 'LilyAllen'),
('Paiement des impôts', 'Paiement des impôts annuels', '2023-05-30', 3000.00, 17, 'RobertJohnson'),
('Don', 'Don à une association caritative', '2023-05-24', 200.00, 18, 'LauraSmith'),
('Dépenses diverses', 'Diverses petites dépenses', '2023-05-19', 60.00, 19, 'PaulBrown'),
('Remboursement de prêt', 'Remboursement mensuel de prêt', '2023-05-05', 300.00, 23, 'KateWhite'),
('Revenu indépendant', 'Revenu d\'un travail indépendant', '2023-05-11', 1000.00, 21, 'WilliamGreen'),
('Prime', 'Prime reçue du travail', '2023-05-29', 1500.00, 22, 'AlexTurner'),
('Autres revenus', 'Revenu provenant d\'autres sources', '2023-05-26', 400.00, 24, 'LilyAllen'),
('Déjeuner au travail', 'Déjeuner au restaurant pendant la pause déjeuner', '2023-06-01', 15.00, 7, 'AlexTurner'),
('Abondement employeur', "Versement de l''employeur sur le plan d''épargne entreprise", '2023-06-01', 500.00, 15, 'LilyAllen'),
('Frais bancaires', 'Frais de tenue de compte bancaire', '2023-06-02', 30.00, 2, 'RobertJohnson'),
('Péage autoroute', 'Paiement du péage autoroutier', '2023-06-03', 20.00, 4, 'LauraSmith'),
('Soins dentaires', 'Consultation chez le dentiste', '2023-06-04', 100.00, 5, 'PaulBrown'),
('Abonnement Netflix', "Paiement de l''abonnement mensuel à Netflix", '2023-06-05', 15.00, 3, 'KateWhite'),
('Cours de yoga', 'Inscription à un cours de yoga', '2023-06-06', 80.00, 6, 'WilliamGreen'),
('Frais de scolarité', 'Paiement des frais de scolarité', '2023-06-07', 2000.00, 9, 'AlexTurner'),
('Frais de stationnement', 'Paiement du stationnement en ville', '2023-06-08', 20.00, 4, 'LilyAllen'),
('Assurance habitation', "Paiement de l''assurance habitation annuelle", '2023-06-09', 400.00, 13, 'RobertJohnson'),
('Courses alimentaires', 'Achat de produits alimentaires pour la semaine', '2023-06-10', 80.00, 1, 'LauraSmith'),
('Carte de transport', "Achat d''une carte de transport pour le mois", '2023-06-11', 70.00, 4, 'PaulBrown'),
('Cinéma', 'Sortie au cinéma avec des amis', '2023-06-12', 35.00, 3, 'KateWhite'),
('Achat de livres', 'Achat de livres pour les études', '2023-06-13', 70.00, 9, 'WilliamGreen'),
('Frais de gym', 'Paiement des frais d''adhésion à la salle de sport', '2023-06-14', 50.00, 6, 'AlexTurner'),
('Restaurant', 'Déjeuner au restaurant avec des collègues', '2023-06-15', 30.00, 7, 'LilyAllen'),
('Cadeau d''anniversaire', 'Achat d''un cadeau d''anniversaire pour un ami', '2023-06-16', 60.00, 12, 'RobertJohnson'),
('Frais de parking', 'Paiement du parking pour se garer en ville', '2023-06-17', 15.00, 4, 'LauraSmith'),
('Assurance voiture', "Paiement de l''assurance voiture annuelle", '2023-06-18', 600.00, 13, 'PaulBrown'),
('Soins médicaux', 'Consultation chez le médecin généraliste', '2023-06-19', 50.00, 5, 'KateWhite'),
('Vêtements', 'Achat de vêtements pour la saison estivale', '2023-06-20', 150.00, 8, 'WilliamGreen'),
('Concert', 'Billet pour un concert', '2023-06-21', 60.00, 3, 'AlexTurner'),
('Impôts', 'Paiement des impôts sur le revenu', '2023-06-22', 2000.00, 17, 'LilyAllen'),
('Frais de notaire', 'Paiement des frais de notaire pour l''achat d''un bien immobilier', '2023-06-23', 1000.00, 13, 'RobertJohnson'),
('Coiffeur', 'Coupe de cheveux chez le coiffeur', '2023-06-24', 40.00, 6, 'LauraSmith'),
('Frais de téléphone', 'Paiement de la facture de téléphone', '2023-06-25', 45.00, 2, 'PaulBrown'),
('Frais de garde', 'Paiement des frais de garde d''enfants', '2023-06-26', 400.00, 5, 'KateWhite'),
('Abonnement magazine', 'Abonnement à un magazine mensuel', '2023-06-27', 20.00, 3, 'WilliamGreen'),
('Frais de livraison', 'Paiement des frais de livraison pour un achat en ligne', '2023-06-28', 10.00, 2, 'AlexTurner'),
('Frais de réparation', 'Réparation d''un appareil électroménager', '2023-06-29', 200.00, 13, 'LilyAllen'),
('Frais de scolarité', 'Paiement des frais de scolarité pour l''année prochaine', '2023-06-30', 3000.00, 9, 'RobertJohnson'),
('Cadeau de mariage', 'Achat d''un cadeau de mariage pour un ami', '2023-07-01', 150.00, 12, 'LauraSmith'),
('Frais de déplacement', 'Remboursement des frais de déplacement professionnels', '2023-07-02', 200.00, 4, 'PaulBrown'),
('Frais de sport', 'Inscription à un club de sport', '2023-07-03', 100.00, 6, 'KateWhite'),
('Frais de formation', 'Paiement d''une formation professionnelle', '2023-07-04', 500.00, 9, 'WilliamGreen'),
('Frais de vétérinaire', 'Consultation chez le vétérinaire pour un animal de compagnie', '2023-07-05', 80.00, 14, 'AlexTurner'),
('Frais de location', 'Paiement des frais de location d''un appartement', '2023-07-06', 800.00, 13, 'LilyAllen'),
('Frais de cours', 'Paiement d''un cours de langue étrangère', '2023-07-07', 300.00, 9, 'RobertJohnson'),
('Frais de musée', 'Visite d''un musée', '2023-07-08', 25.00, 3, 'LauraSmith');
